NOMBRE;APELLIDO1;APELLIDO2;DESCRIPCION;EMPRESA;CONTRASENA;CORREO
Antonio;Garcia;Tebar;Descripción_001;Empresa 1;S3r3n0.2024.*;antonio.garcia@empresa1.unir.mst
Manuel;Rodriguez;Moya;Descripción_002;Empresa 1;S3r3n0.2024.*;manuel.rodriguez@empresa1.unir.mst
Jose;Gonzalez;Ramirez;Descripción_003;Empresa 1;S3r3n0.2024.*;jose.gonzalez@empresa1.unir.mst
Francisco;Fernandez;Requena;Descripción_004;Empresa 1;S3r3n0.2024.*;francisco.fernandez@empresa1.unir.mst
David;Lopez;Alarcon;Descripción_005;Empresa 1;S3r3n0.2024.*;david.lopez@empresa1.unir.mst
Juan;Martinez;Collado;Descripción_006;Empresa 1;S3r3n0.2024.*;juan.martinez@empresa1.unir.mst
Javier;Sanchez;Blazquez;Descripción_007;Empresa 1;S3r3n0.2024.*;javier.sanchez@empresa1.unir.mst
Daniel;Perez;Valero;Descripción_008;Empresa 1;S3r3n0.2024.*;daniel.perez@empresa1.unir.mst
Jose Antonio;Gomez;Pardo;Descripción_009;Empresa 1;S3r3n0.2024.*;joseantonio.gomez@empresa1.unir.mst
Francis;Martin;Ballesteros;Descripción_010;Empresa 1;S3r3n0.2024.*;francis.martin@empresa1.unir.mst
Jose Luis;Jimenez;Arenas;Descripción_011;Empresa 1;S3r3n0.2024.*;joseluis.jimenez@empresa1.unir.mst
Carlos;Hernandez;Diaz;Descripción_012;Empresa 1;S3r3n0.2024.*;carlos.hernandez@empresa1.unir.mst
Alejandro;Ruiz;Morales;Descripción_013;Empresa 1;S3r3n0.2024.*;alejandro.ruiz@empresa1.unir.mst
Jesus;Diaz;Molina;Descripción_014;Empresa 1;S3r3n0.2024.*;jesus.diaz@empresa1.unir.mst
Maria Carmen;Moreno;Alonso;Descripción_015;Empresa 1;S3r3n0.2024.*;mariacarmen.moreno@empresa1.unir.mst
Maria Pilar;Muñoz;Parra;Descripción_016;Empresa 1;S3r3n0.2024.*;mariapilar.muñoz@empresa1.unir.mst
Carmen;Alvarez;Vargas;Descripción_017;Empresa 1;S3r3n0.2024.*;carmen.alvarez@empresa1.unir.mst
Pilar;Romero;Ramos;Descripción_018;Empresa 1;S3r3n0.2024.*;pilar.romero@empresa1.unir.mst
Maria;Gutierrez;Segura;Descripción_019;Empresa 1;S3r3n0.2024.*;maria.gutierrez@empresa1.unir.mst
Ana Maria;Alonso;Gutierrez;Descripción_020;Empresa 1;S3r3n0.2024.*;anamaria.alonso@empresa1.unir.mst
Maria Luisa;Navarro;Maldonado;Descripción_021;Empresa 1;S3r3n0.2024.*;marialuisa.navarro@empresa1.unir.mst
Maria Angeles;Torres;Ortega;Descripción_022;Empresa 1;S3r3n0.2024.*;mariaangeles.torres@empresa1.unir.mst
Maria;Dominguez;Rodriguez;Descripción_023;Empresa 1;S3r3n0.2024.*;maria.dominguez@empresa1.unir.mst
Julia;Ramos;Gomez;Descripción_024;Empresa 1;S3r3n0.2024.*;julia.ramos@empresa1.unir.mst
Maria Jesus;Vazquez;Fernandez;Descripción_025;Empresa 1;S3r3n0.2024.*;mariajesus.vazquez@empresa1.unir.mst
Felisa;Ramirez;Muñoz;Descripción_026;Empresa 1;S3r3n0.2024.*;felisa.ramirez@empresa1.unir.mst
Concepcion;Gil;Diaz;Descripción_027;Empresa 1;S3r3n0.2024.*;concepcion.gil@empresa1.unir.mst
Isabel;Serrano;Perez;Descripción_028;Empresa 2;S3r3n0.2024.*;isabel.serrano@empresa2.unir.mst
Milagros;Morales;Blazquez;Descripción_029;Empresa 2;S3r3n0.2024.*;milagros.morales@empresa2.unir.mst
Alicia;Molina;Gutierrez;Descripción_030;Empresa 2;S3r3n0.2024.*;alicia.molina@empresa2.unir.mst
Teresa;Blanco;Alonso;Descripción_031;Empresa 2;S3r3n0.2024.*;teresa.blanco@empresa2.unir.mst
Rosario;Suarez;Martinez;Descripción_032;Empresa 2;S3r3n0.2024.*;rosario.suarez@empresa2.unir.mst
Francisca;Castro;Moreno;Descripción_033;Empresa 2;S3r3n0.2024.*;francisca.castro@empresa2.unir.mst
Josefa;Ortega;Saez;Descripción_034;Empresa 2;S3r3n0.2024.*;josefa.ortega@empresa2.unir.mst
Josefa;Delgado;Alvarez;Descripción_035;Empresa 2;S3r3n0.2024.*;josefa.delgado@empresa2.unir.mst
Juan Antonio;Ortiz;Gil;Descripción_036;Empresa 2;S3r3n0.2024.*;juanantonio.ortiz@empresa2.unir.mst
Oscar;Marin;Galan;Descripción_037;Empresa 2;S3r3n0.2024.*;oscar.marin@empresa2.unir.mst
Enrique;Rubio;Rodriguez;Descripción_038;Empresa 2;S3r3n0.2024.*;enrique.rubio@empresa2.unir.mst
Ramon;Nuñez;Fernandez;Descripción_039;Empresa 2;S3r3n0.2024.*;ramon.nuñez@empresa2.unir.mst
Andres;Medina;Gomez;Descripción_040;Empresa 2;S3r3n0.2024.*;andres.medina@empresa2.unir.mst
Juan Manuel;Sanz;Lopez;Descripción_041;Empresa 2;S3r3n0.2024.*;juanmanuel.sanz@empresa2.unir.mst
Santiago;Castillo;Perez;Descripción_042;Empresa 2;S3r3n0.2024.*;santiago.castillo@empresa2.unir.mst
Vicente;Iglesias;Diaz;Descripción_043;Empresa 2;S3r3n0.2024.*;vicente.iglesias@empresa2.unir.mst
Mario;Cortes;Moreno;Descripción_044;Empresa 2;S3r3n0.2024.*;mario.cortes@empresa2.unir.mst
Victor;Garrido;Martinez;Descripción_045;Empresa 2;S3r3n0.2024.*;victor.garrido@empresa2.unir.mst
Joaquin;Santos;Martin;Descripción_046;Empresa 2;S3r3n0.2024.*;joaquin.santos@empresa2.unir.mst
Eduardo;Guerrero;Romero;Descripción_047;Empresa 2;S3r3n0.2024.*;eduardo.guerrero@empresa2.unir.mst
Roberto;Lozano;Muñoz;Descripción_048;Empresa 2;S3r3n0.2024.*;roberto.lozano@empresa2.unir.mst
Marcos;Cano;Hernandez;Descripción_049;Empresa 2;S3r3n0.2024.*;marcos.cano@empresa2.unir.mst
Jaime;Cruz;Alvarez;Descripción_050;Empresa 2;S3r3n0.2024.*;jaime.cruz@empresa2.unir.mst
Francisco Jose;Mendez;Jimenez;Descripción_051;Empresa 2;S3r3n0.2024.*;franciscojose.mendez@empresa2.unir.mst
Hugo;Flores;Ruiz;Descripción_052;Empresa 2;S3r3n0.2024.*;hugo.flores@empresa2.unir.mst
Ignacio;Prieto;Dominguez;Descripción_053;Empresa 2;S3r3n0.2024.*;ignacio.prieto@empresa2.unir.mst
Jordi;Herrera;Vazquez;Descripción_054;Empresa 2;S3r3n0.2024.*;jordi.herrera@empresa2.unir.mst
Alfonso;Peña;Ramos;Descripción_055;Empresa 2;S3r3n0.2024.*;alfonso.peña@empresa2.unir.mst
Ricardo;Leon;Guerrero;Descripción_056;Empresa 3;S3r3n0.2024.*;ricardo.leon@empresa3.unir.mst
Salvador;Marquez;Gutierrez;Descripción_057;Empresa 3;S3r3n0.2024.*;salvador.marquez@empresa3.unir.mst
Marc;Cabrera;Duran;Descripción_058;Empresa 3;S3r3n0.2024.*;marc.cabrera@empresa3.unir.mst
Guillermo;Gallego;Lopez;Descripción_059;Empresa 3;S3r3n0.2024.*;guillermo.gallego@empresa3.unir.mst
Mohamed;Calvo;Rodriguez;Descripción_060;Empresa 3;S3r3n0.2024.*;mohamed.calvo@empresa3.unir.mst
Gabriel;Vidal;Sanchez;Descripción_061;Empresa 3;S3r3n0.2024.*;gabriel.vidal@empresa3.unir.mst
Martin;Campos;Fernandez;Descripción_062;Empresa 3;S3r3n0.2024.*;martin.campos@empresa3.unir.mst
Gonzalo;Reyes;Gonzalez;Descripción_063;Empresa 3;S3r3n0.2024.*;gonzalo.reyes@empresa3.unir.mst
Emilio;Vega;Perez;Descripción_064;Empresa 3;S3r3n0.2024.*;emilio.vega@empresa3.unir.mst
Jose Miguel;Fuentes;Torres;Descripción_065;Empresa 3;S3r3n0.2024.*;josemiguel.fuentes@empresa3.unir.mst
Julio;Carrasco;Pons;Descripción_066;Empresa 3;S3r3n0.2024.*;julio.carrasco@empresa3.unir.mst
Julian;Diez;Gomez;Descripción_067;Empresa 3;S3r3n0.2024.*;julian.diez@empresa3.unir.mst
Tomas;Aguilar;Jimenez;Descripción_068;Empresa 3;S3r3n0.2024.*;tomas.aguilar@empresa3.unir.mst
Nicolas;Caballero;Moreno;Descripción_069;Empresa 3;S3r3n0.2024.*;nicolas.caballero@empresa3.unir.mst
Agustin;Nieto;Martin;Descripción_070;Empresa 3;S3r3n0.2024.*;agustin.nieto@empresa3.unir.mst
Lucas;Santana;Ferrer;Descripción_071;Empresa 3;S3r3n0.2024.*;lucas.santana@empresa3.unir.mst
Samuel;Vargas;Ruiz;Descripción_072;Empresa 3;S3r3n0.2024.*;samuel.vargas@empresa3.unir.mst
Jose Ramon;Pascual;Muñoz;Descripción_073;Empresa 3;S3r3n0.2024.*;joseramon.pascual@empresa3.unir.mst
Ismael;Gimenez;Diaz;Descripción_074;Empresa 3;S3r3n0.2024.*;ismael.gimenez@empresa3.unir.mst
Cristian;Herrero;Serra;Descripción_075;Empresa 3;S3r3n0.2024.*;cristian.herrero@empresa3.unir.mst
Joan;Hidalgo;Hernandez;Descripción_076;Empresa 3;S3r3n0.2024.*;joan.hidalgo@empresa3.unir.mst
Aitor;Montero;Riera;Descripción_077;Empresa 3;S3r3n0.2024.*;aitor.montero@empresa3.unir.mst
Felix;Lorenzo;Oliver;Descripción_078;Empresa 3;S3r3n0.2024.*;felix.lorenzo@empresa3.unir.mst
Hector;Santiago;Coll;Descripción_079;Empresa 3;S3r3n0.2024.*;hector.santiago@empresa3.unir.mst
Alex;Benitez;Vidal;Descripción_080;Empresa 3;S3r3n0.2024.*;alex.benitez@empresa3.unir.mst
Iker;Duran;Mari;Descripción_081;Empresa 3;S3r3n0.2024.*;iker.duran@empresa3.unir.mst
Juan Francisco;Ibañez;Barcelo;Descripción_082;Empresa 3;S3r3n0.2024.*;juanfrancisco.ibañez@empresa3.unir.mst
Jose Carlos;Arias;Romero;Descripción_083;Empresa 3;S3r3n0.2024.*;josecarlos.arias@empresa3.unir.mst
Mateo;Mora;Alvarez;Descripción_084;Empresa 3;S3r3n0.2024.*;mateo.mora@empresa3.unir.mst
Sebastian;Ferrer;Mas;Descripción_085;Empresa 4;S3r3n0.2024.*;sebastian.ferrer@empresa4.unir.mst
Cesar;Carmona;Navarro;Descripción_086;Empresa 4;S3r3n0.2024.*;cesar.carmona@empresa4.unir.mst
Josep;Vicente;Ribas;Descripción_087;Empresa 4;S3r3n0.2024.*;josep.vicente@empresa4.unir.mst
Alfredo;Rojas;Rossello;Descripción_088;Empresa 4;S3r3n0.2024.*;alfredo.rojas@empresa4.unir.mst
Mariano;Soto;Lopez;Descripción_089;Empresa 4;S3r3n0.2024.*;mariano.soto@empresa4.unir.mst
Rodrigo;Crespo;Rodriguez;Descripción_090;Empresa 4;S3r3n0.2024.*;rodrigo.crespo@empresa4.unir.mst
Jose Angel;Roman;Sanchez;Descripción_091;Empresa 4;S3r3n0.2024.*;joseangel.roman@empresa4.unir.mst
Domingo;Pastor;Jimenez;Descripción_092;Empresa 4;S3r3n0.2024.*;domingo.pastor@empresa4.unir.mst
Victor Manuel;Velasco;Gomez;Descripción_093;Empresa 4;S3r3n0.2024.*;victormanuel.velasco@empresa4.unir.mst
Jose Ignacio;Parra;Martin;Descripción_094;Empresa 4;S3r3n0.2024.*;joseignacio.parra@empresa4.unir.mst
Felipe;Saez;Ruiz;Descripción_095;Empresa 4;S3r3n0.2024.*;felipe.saez@empresa4.unir.mst
Luis Miguel;Moya;Hernandez;Descripción_096;Empresa 4;S3r3n0.2024.*;luismiguel.moya@empresa4.unir.mst
Jose Francisco;Bravo;Ruiz;Descripción_097;Empresa 4;S3r3n0.2024.*;josefrancisco.bravo@empresa4.unir.mst
Xavier;Rivera;Diaz;Descripción_098;Empresa 4;S3r3n0.2024.*;xavier.rivera@empresa4.unir.mst
Albert;Gallardo;Moreno;Descripción_099;Empresa 4;S3r3n0.2024.*;albert.gallardo@empresa4.unir.mst
Juan Luis;Soler;Muñoz;Descripción_100;Empresa 4;S3r3n0.2024.*;juanluis.soler@empresa4.unir.mst